Grade,Review,ItemNm
1,포름알데히드를 제거하는지 잘 모르겠어요 판매처에 전화해도 안받네요..따로 산 측정기로는 수치가 2000넘는데 다이슨을 틀어놓고 전후 비교해도 다이슨은 양호하다고 나오고 수치상 변화가 없어요. 측정기는 2000넘고 위험수준으로 나오거든요..인테리어하고 이사가서 냄새가 너무심하고 아파서 샀는데...다이슨이 정말 voc를 파괴하는지..잘 모르겠네요..연락 부탁드립니다,다이슨 TP09 쿨 포름알데히드 공기청정기
1,한 두푼도 아닌데 검수가 제대로 안되나봐요…? 새상품 비닐 벗기자마자 스크래치 있어버리기.. 교환이 번거롭고 귀찮아서 그냥 씁니다만 스크래치 상품이나 리퍼 상품 싸게 판건가 싶은 기분이네요..,다이슨 TP09 쿨 포름알데히드 공기청정기
1,음 한달도 사용안했는데 고장인것 같아요…,다이슨 TP09 쿨 포름알데히드 공기청정기
1,"아기 있어서 샀는데
틈새 바람 나오는 곳에서 하얀 가루 날려서 나오는거 뭔가요??ㅡㅡ 공기청정이 아니고 이 날리는 이상한 미세 흰 플라스틱 같은것들 나와서
진짜 화났어요 가격도 비싼데
리모컨 인식도 느리고",다이슨 TP09 쿨 포름알데히드 공기청정기
1,"아놔 공식사이트 가격이 99만이네여
더 비싸게 샀네",다이슨 TP09 쿨 포름알데히드 공기청정기
1,타 사이트에 비해 비쌌는데 정품이라는 말에 hmall에 대한 신뢰로 구매했는데 2주만에 20만원 다운된 거 보고 호갱노릇한 게 억울허네요그냥 다른 사이트에서 살걸 그랬어요 ㅠㅠ,다이슨 TP09 쿨 포름알데히드 공기청정기
2,품질이나 배송은 만족하는데 어플가입이 어렵고 호환도 잘 안됨,다이슨 TP09 쿨 포름알데히드 공기청정기
2,달달달 쏴아아 시끄럽습니다 ㅜㅜ바람은 약하고 공기청정은 잘모르겠습니디,다이슨 TP09 쿨 포름알데히드 공기청정기
3,"여러 공청기 중에서 포름알데히드 제거 성능을 강조한 것 때문에 다이슨을 선택. 마침 11번가가 리뷰포인트 2만 증정 행사도 하고 가격 조건이 가장 괜찮아서 구매함.배송은 주문폭주라며 며칠 늦어졌지만 그래도 일주일은 안 걸렸던 거 같음.배송 과정에서 상자가 좀 눌려서 찢어지고 속에 제품 박스는 왜인지 모르겠지만 테이프가 떨어져있어서 반품 재포장 상품인가 하는 의심도 살짝 듦. 포장 뜯고 조립하면서도 아니 왜 이런 흔적이 있지? 싶어서 리퍼 제품을 비싸게 샀나 하는 의심도 들었으나 명확히 따지기 어려울 거 같아서 그냥 쓰기로 함.혼자 조립하기도 많이 어렵지 않았음. 제품등록하는데 숫자 0과 알파벳 O 구분이 잘 안돼있어서 아쉬웠음. 보통 숫자 0에는 가운데 선을 넣어 표시해주는 게 좋을 듯 싶음.필터 장착 후 자동모드하니까 초록 그래프가 뜨길래 4정도로 작동했더니 소음은 어느 정도 있었음. 잠잘 때가 아니면 크게 거슬릴 정도는 아닌듯. 밖에 미세먼지가 나쁜 날이었고, 사실 나와 엄마만 괴롭게 느끼는 거실 특정 구역에서 아랫집인지 옆집인지 어딘가에서 꾸준히 은근하게 올라오는 매캐한 담배냄새 때문에 괴로웠기에 일부러 그 자리에 놓고 작동 시켰는데 실내공기 괜찮다고 초록 그래프가 뜸ㅜㅜ그래서 일부러 가스 버너에 쥐포를 구워봤는데도 ㅠㅠ아버지가 방귀를 뀌어도 별 반응이 없었음ㅠㅠ국내 S사 공청기는 음식을 조리하거나 흡연 후 들어온 사람이 옆에 가면 주황색 경고등 뜨면서 작동을 한다던데, 다이슨은 너무 후하네 싶어짐. 혹시 불량인가 싶었지만 다음날까지 보기로 함. 그런데 날 내 방 창문을 열어뒀었는데 내 방으로 들고 가서 작동시키니까 주황 그래프 뜨면서 우와아아앙하고 공청기 돌아가는 소리가 나길래 아예 불량은 아니구나 싶어서 그냥 쓰기로 함.그러나 내 방 가구들 때문에 포름알데히드가 걱정돼서 다이슨 TP09를 산건데 사실 잘 모르겠음.일부러 내 방 창문과 방문을 하루종일 꼭 닫아놨다가 오후에 다이슨 공청기를 작동시켜 봤는데 그래도 초록 그래프가 뜨고ㅠㅠ작동은 하긴 하는데 금방 조용해짐ㅠㅠ나는 아직 청정하다고 못 느끼겠는데 얘는 공기 깨끗하다고 잠잠해지니까 만한 수준은 아닌듯. 그래도 안 하는 것보다는 낫겠지 싶어서 퇴근 후 오자마자 다이슨 작동시키고 잠자는 동안에도 작동시킴.결론 내 후각과 호흡기가 다이슨 공기청정기 필터보다 민감한 것 같음ㅠㅠ탈취는 취약한 거 같음.. . 다이슨 구매 후 국내 브랜드 ㅁㅍ공청기도 구매해서 자동 비교가 돼버렸는데 예민하기는 국내 브랜드 ㅁㅍ이 더 예민하게 작동함.다이슨은 가운데 구멍 뚫리고 가벼워서 . 위안이 됨.",다이슨 TP09 쿨 포름알데히드 공기청정기
3,"꽃가루때문에 공기청정기 되는것으로 구입했어요
바람세기 선풍기처럼 와 시원해 느낌은 아니고
전체적으로 흩뿌리듯 시원해요
알고 샀지만 역시나 사용시 소리가 커서
사용시 거슬려요
지지며
요",다이슨 TP09 쿨 포름알데히드 공기청정기
3,"이쁜데 소리가 너무 커요
1에서 10까지 인데 1도 소리가 커요
이게 고장인지 원래 이정도 소리인지
3개회사 청정기 써봤는데 다이슨은 소리가 너무 거슬릴장도로 커요
다른제품이 조용해서 몰랐던건지
집들이선물받은거라 좋긴한데 소리가 이정도 인줄 알았으면 안샀을거 같아요",다이슨 TP09 쿨 포름알데히드 공기청정기
3,미세먼지 수치 센서불량으로 사자마자 AS받고 교환진행중. 대여로 임시받은 동일제품도 미세먼지 수치가 1이거나 한자리수일때도 많아서 수치에 믿음은 별로안감. 세기 4부터는 시끄러워서 못틀겠음. 3까지는 소리는 나지만 쓸만은함.,다이슨 TP09 쿨 포름알데히드 공기청정기
3,"외관 흠집, 오염 , 버 절단면 등이 있어
교환했지만 , 비슷하여 그냥 써요.",다이슨 TP09 쿨 포름알데히드 공기청정기
3,공간차지 많이 안하고 디자인은 좋아요! 미세먼지도 잘 잡히네요~ 근데 voc수치는 올라가면 잘 떨어지지가 않아서 정화가 되는건지 모르겠어요!,다이슨 TP09 쿨 포름알데히드 공기청정기
3,"새집으로 이사가는거라 이사전에 주문해서 비교해봤는데... 별다른 감지가 없네요
포름알데히드 수치가 없어서 다행이라 그래야하는건지 이게 감지를 못하는건지 알수가 없네요. 색상은 마음에 들어요!",다이슨 TP09 쿨 포름알데히드 공기청정기
3,소음이 좀 좋아서 그렇지. 조아요,다이슨 TP09 쿨 포름알데히드 공기청정기
3,"공기청정기에서 소음이 자꾸 나네요
계속 나는 건 아니고 간헐적으로 들려요
as를 해야될 것 같아요",다이슨 TP09 쿨 포름알데히드 공기청정기
3,기스가 나있어요 필터끼우는 안쪽이라 그냥 씁니다,다이슨 TP09 쿨 포름알데히드 공기청정기
3,감사합니다 🙏 좋은 제품이길 기대합니다,다이슨 TP09 쿨 포름알데히드 공기청정기
3,"새집증후군 우려로 구입했는데 평상시 냄새제거나 미세먼지,황사에는 효과가 어떤지 모르겠어요.
오토로 설정하니 늘 멈춰있네요 ㅋㅋㅋ",다이슨 TP09 쿨 포름알데히드 공기청정기
3,다좋은데 앱연결이 자주 끊겨서 다시연결해야하는게 넘 불편해요 멀티탭에 연결하면 일주일에 한번씩은 끊기고 벽콘센트에 연결하니까 아직까진 괜찮네요 뭔가 이상함..,다이슨 TP09 쿨 포름알데히드 공기청정기
3,오래 틀어 놓으면 공기가 건조해지긴 하는데 좋긴 하겠죠...,다이슨 TP09 쿨 포름알데히드 공기청정기
3,시끄러워욤..... 모터소리 ㅠㅠ,다이슨 TP09 쿨 포름알데히드 공기청정기
3,소음이 꽤 크내요.,다이슨 TP09 쿨 포름알데히드 공기청정기
3,"배송도 빠른배송입니다
단 박스에 구멍나서 왔지만
제품에는 문제 없어서 그냥 사용합니다
출고전 확인좀해주시지.....
믿고쓰는 다이슨입니다",다이슨 TP09 쿨 포름알데히드 공기청정기
3,생각보다 팬소음이 커서 좀 놀랐지만. 공기청정기능은 좋기를 기대함,다이슨 TP09 쿨 포름알데히드 공기청정기
3,좋은 가격에 잘 구매했습니다. 배송이 느려요!,다이슨 TP09 쿨 포름알데히드 공기청정기
4,"리모델링 한지 2년정도 된집에 살고 있고 voc가 상당히 높아.. 처음부터 창문형 전열교환기를 설치해서 공기를 관리해주고 있습니다. 포름알데히드를 없애준다고 해서 궁금해서 사봤는데 어플에서는 포름알데히드는 0, voc값도 0으로 계속 나옵니다. voc는 어플의 수치를 보면 0으로 표시되지만 그래프의 변동이 있는걸로 봐서는 작은수치도 측정은 되지만 어느정도이상 넘지않으면 0으로 어플에서 표시되는것 같습니다. 참고로 다른측정기 어웨어와 리숨전열교환기에 있는 측정기에서는 voc가 100초중반 ppb가 측정되고 있네요. 포름알데히드는 다른 측정기가 없어서 모르겠지만 계속 0으로 표시되고 있어서 이게맞나? 라는 생각이 들긴합니다.. 그리고 오토로 둘경우 공기수치가 좋을경우 아예 팬이 돌지않는것처럼 어플에서는 팬 off라고 나오지만 바람이 살짝느껴지는걸로 봐서는 정말 약하게 도는것같습니다. 그리고 팬이 돌아가면 소음은 꽤 있습니다. . 몇몇곳의 테스트를 보면.. 포름알데히드를 완벽하게 없애주는것 같진 않지만 어느정도 없애주는거 같긴하더라구요.. (비록 전 확인해보진 않았지만..) 참고로 공기청정기를 계속 돌렸지만 voc에서는 유의미한 변화가 있어보이진 않네요~ 미세먼지 센서는 상당히 민감하게 잘 반응하는거 같습니다.",다이슨 TP09 쿨 포름알데히드 공기청정기
4,"꾀나 크네요.집 평수가 작아서
5년된 작은 청정기 쓰다 이사가면 바꿔야지 하다가 못참고 질렀네요. 집에 비해 크긴 커도
키자마자 설정하고 보니
심각 단계에서
금새 정화 되네요
쓰던 귀여운 핫앤쿨 선풍기 넘 미니어쳐같아요
비가와서 박스가 흠뻑 젖어왔디만
속박스안에 잘 포장되있어서 다행이였어요~",다이슨 TP09 쿨 포름알데히드 공기청정기
4,"제품에 스크래치가 있어 교환예정이에요.
새상품 샀는데 기분은 좋진 않네요. 크기도 큰 제품을 교환하려니..

제품 자체는 디자인도 좋고 사이즈도 좋아요.
소음도 이정도면 만족하고 집안 공기가 쾌적해진듯합니다. 고장 없이 오래 사용할수 있음 좋겠어요. 교환과정이 있지만 제품은 만족합니다",다이슨 TP09 쿨 포름알데히드 공기청정기
4,"벼르던 다이슨 라방보고 주문했어요.
색상도 고급지고 디자인도 맘에 들어요
사이즈도 생각보다 작아 좋지만
성능이 좋은거 맞나 의구심이 드네요
맨날 실내공기 맑음.좋음만 나오더라구요.
그다지 안 좋은거 같은데.~~
미세먼지 극성인 봄되면 진가를 알게되겠죠.",다이슨 TP09 쿨 포름알데히드 공기청정기
4,"처음으로 공청기를 비싼거를 사봤네요.
에어로타워를 살까 고민하다가 라방종료 3분전에 구입했는데 당첨까지 됐습니다.기분이 좋네요.
다이슨이 우리집 공기를 지켜줬으면 좋겠습니다.
일단 디자인이 갑입니다. 돌쟁이 아가가 있어서 날개없는 선풍기 원했는데 겸사겸사네요.",다이슨 TP09 쿨 포름알데히드 공기청정기
4,"오자마자 조립?해서 사용했습니다.
행사해서 그냥공청기보다 저렴해사 이모델로 구매했네요
고기 꾸우니깐 열일 하드라구요..
아직 막 너무좋다까진아닌데 창문열고 생활하는 때가 오면 어떨런지 기대되네요
아 소음은 고기 꾸울때는 열일하느라 쫌 났습니다",다이슨 TP09 쿨 포름알데히드 공기청정기
4,"에너지등급 표시가 없어서 조금 아쉽지만 새집증후군에 효과가 있을까싶어 구매해봅니다.
박스 개봉흔적이 있어서 찝찝했는데 새상품이라고하니 그대로 사용합니다.
인테리어 공사한 집인데 새집증후군 수치가 처음부터 좋음으로 떠서 의심스럽긴하지만 음식을 하면 또 수치가 높아지니 조금 더 지켜봐야할 거 같아요.
제발 효과가 있길 바랍니다.",다이슨 TP09 쿨 포름알데히드 공기청정기
4,"침실에 두고 싶었는데 침실에 두면 소음이 제법 크게 들려 거실로 빼두었어요
오토로 설정해두면 조금 시끄럽고 1-2 정도로 해두면 신경 쓰이지 않아요
처음에는 해당 모델에서는 화이트가 없어 너무 아쉬운 마음만 들었는데 보다 보니 골드도 마음에 들어서 만족하고 있어요",다이슨 TP09 쿨 포름알데히드 공기청정기
4,"11월11일 주문, 16일 받았어요. 먼저 다이슨홈페이지보다 저렴하면서 필터주는 조건은 똑같아 너무 좋아요.
어디하나 흠집없는 깨끗한 제품왔구요. 제품등록하고 핸드폰연동하니 너무편하네요. 여름엔 써큘레이터처럼 겨울엔 방향바꾸면 바람이 느껴지지않아 신기하네요.사계절 우리집 지킴이♡
디자인은 말해무엇합니까~최고!!
(오토,회전으로 해놨을때 공기가 오토센서기준 좋아지면, 회전,바람멈춤니다.당황하지마셔요 ㅎㅎ)",다이슨 TP09 쿨 포름알데히드 공기청정기
4,"코로나 걸리고 코가 너무 막혀서 구매 햇어요 ㅜㅜ
아직격리중인데 배송도 빠르고 키자마자 열일하고 있네요
앱연동해서 이용하기도 편리하고 오토모드 소음이 조금 심하긴 한데 공기 질이 좋아질수록 작아지네요
세일할때 잘 구매했어요",다이슨 TP09 쿨 포름알데히드 공기청정기
4,"한대 사서써보고 디자인이 너무이뻐서 두대 더구매했습니다
두대더사니 되팔렘인줄알고 배송을안해주셨지만 고객센터 연결후 배송받았습니다 개인적으로 돈얼마 남겨먹자고 되파는인간들 극혐
디자인 너무예쁘고 성능도좋네요 지출은컸지만 충분히만족합니다
필터도 추가로주셔서 감사해요",다이슨 TP09 쿨 포름알데히드 공기청정기
4,"디자인이쁘고 기능좋아요ㅎ
필터가격이 저렴해지면 좋겠어요!",다이슨 TP09 쿨 포름알데히드 공기청정기
4,빠른 배송 감사 합니다. 성능 좋고 예쁘고 가격만 착했으면 하는 바램입니다. 많이 파세요,다이슨 TP09 쿨 포름알데히드 공기청정기
4,이사갈집이 새집이라 포름알데하이드 걱정되서 99.9를 믿고 구매했어요. 운전시 소음은 좀 있는데 원래 목적에 잘 맞게 열일해주길 ~,다이슨 TP09 쿨 포름알데히드 공기청정기
4,"제품 다 뜯어서 조립하는데 안쪽에 스크래치가 있어서 별하나 뺍니다.
교환할까 하다가 부피가 큰 제품이라 귀찮아서 그냥 씁니다ㅠ 검수 좀 하고 발송해 주세요.",다이슨 TP09 쿨 포름알데히드 공기청정기
4,"좋아요!!! 새집증후군이 있을까봐 미리 구매해서 사용했는데, 마음에 드네요~
다만 ㅠ 사고 나서 얼마 안있어서 할인을 하더라는.. 항상 그런 것 같아요~ ㅎㅎ 사고 나면 이벤트 할인! ㅠ 그 사이에 잘 썼으니 그걸로 만족 합니다.",다이슨 TP09 쿨 포름알데히드 공기청정기
4,다른 공기청정기처럼 미세하게 퉁퉁거리는 팬소리가 안나서 좋습니다. 바람소리가 백색소음 같아서 오히려 좋네요 어플도 편해요,다이슨 TP09 쿨 포름알데히드 공기청정기
4,디자인이쁘고 좋네요 단 소음이 생각보다 큽니다,다이슨 TP09 쿨 포름알데히드 공기청정기
4,디자인보고 샀어요. 워낙 가격은 고가지만...생각보다 작아요. 넓은 거실에 두기엔 좀 작은듯합니다. 성능은 잘 모르겠고...명성만큼 기대해봅니다.,다이슨 TP09 쿨 포름알데히드 공기청정기
4,유일한 단점은 소음뿐이에요 야간모드 설정시 소음이 줄어드는데 바로적용은 안되고 시간이 한참 걸려서 별한개 뺐어요. 그외에 모든점은 만족합니다.,다이슨 TP09 쿨 포름알데히드 공기청정기
4,만족합니다 너무 이쁘기도 하고 선풍기.역할도 하니 최고네요,다이슨 TP09 쿨 포름알데히드 공기청정기
4,좋아요 잘쓸게요 유격있지만 교환받기로했습니다,다이슨 TP09 쿨 포름알데히드 공기청정기
4,새집 집뜰이 선물로 구매했습니다 디자인이 맘에 들어 구매했구요 필터가 한개이고 몇평형대에 맞는지가 안나와 있는게 조금 아쉽습니다,다이슨 TP09 쿨 포름알데히드 공기청정기
4,"일단 디자인이 멋있어요^^
국산 제품은 막 ~~수치가 작동하는데 다이슨은 작동하는지 모르겠지만 ㅡ 부피도 작고 다이슨의 명성을 믿어보려고요",다이슨 TP09 쿨 포름알데히드 공기청정기
4,서비스도 좋고 만족하고 사용중입니다. 교체는 한번 받았지만 만족해요,다이슨 TP09 쿨 포름알데히드 공기청정기
4,디자인 만족~ 생각보다 내구성이 약한듯 보여서 불안하긴한데 예뻐요. 모든 공기질이 며칠째 계속 좋음이라 문제가 있는건지 진짜 저희집 공기가 좋은건지 모르겠어요. 요리하거나 해도 그냥 늘 좋음이에요,다이슨 TP09 쿨 포름알데히드 공기청정기
4,"아기가 곧 생길거라 큰 맘 먹고 구매했어요~
강아지도 같이 살고 있고하니 집안 공기를 잘 잡아줬으면 하는 바람입니다.
다 좋은데, 역시나 사악한 가격은 어쩔수 없군요 ㅠㅡㅜ",다이슨 TP09 쿨 포름알데히드 공기청정기
4,최근 욕실 수리하고 냄새가 염려되어서 구매했어요 포름알데히드 제거한다고 해서 쓰고 있는데... 잘 제거된다고 믿어야겠죠~^^ 다이슨 제품 가격이 워낙 비싸서... 그래도 필터 추가 있을 때 샀어요,다이슨 TP09 쿨 포름알데히드 공기청정기
4,거추장스럽지않아서좋은것같아요.아직은 좀더사용해봐야알겠지만 새집증후군때문에 구매했는데 잘모르겠어요.포름알데히드제거가되는지는,다이슨 TP09 쿨 포름알데히드 공기청정기
4,"생각보다 오염된 공기에 대해 잘 잡아서 청정해주는 느낌입니다
이번에 이사를 해서 새집 냄새가 있는데 이것도 잘 잡아줄지 모르겠네요~",다이슨 TP09 쿨 포름알데히드 공기청정기
4,새집에 이사와서 걱정되는 마음에 주문했는데 포름알데히드 수치가 정상으로 나와서 작동이 잘되고 있는건지 의문은드네요,다이슨 TP09 쿨 포름알데히드 공기청정기
4,"좋아요~ 처음에 좋다고만뜨길래 이상한건가 했는데, 어플 사용하니 디테일하게 확인되어 믿음가요~",다이슨 TP09 쿨 포름알데히드 공기청정기
4,"워낙 유명한 제품이라 믿고씁니다.
할인에 추가필터도 받아서 저렴하게 잘산듯하네요",다이슨 TP09 쿨 포름알데히드 공기청정기
4,"어느 공간에 놓아도 잘 어울려요, 깨끗한 공기를 기대하며 구매 만족합니다.",다이슨 TP09 쿨 포름알데히드 공기청정기
4,배송은 엄청 빨라서 좋은데요 박스가 좀 그렇네요 선물할껀데ㅠㅜ아쉬워요,다이슨 TP09 쿨 포름알데히드 공기청정기
4,이쁘고 좋아요~근데 밤에 수면모드도 시끄러워서 자다가 끄고잤어요ㅜㅜ,다이슨 TP09 쿨 포름알데히드 공기청정기
4,"지인 개업선물로 구매 했는데 만족합니다
다만 비싼점이 약간의 흠",다이슨 TP09 쿨 포름알데히드 공기청정기
4,아직 처음이라 잘 모르겠지만 좋은거같습니다.잘 쓸게요~,다이슨 TP09 쿨 포름알데히드 공기청정기
4,"선물로.사줬는데
특급빠른배송과 마음에 들어해요",다이슨 TP09 쿨 포름알데히드 공기청정기
4,의외로 소음이있어요 거실에서쓰려구요,다이슨 TP09 쿨 포름알데히드 공기청정기
4,배송이 빠르고 좋아요 잘받았습니다,다이슨 TP09 쿨 포름알데히드 공기청정기
4,사용해봐야겠알겠지만 만족합니다~,다이슨 TP09 쿨 포름알데히드 공기청정기
4,크기도 적당하고 작동도 잘 됩니다.,다이슨 TP09 쿨 포름알데히드 공기청정기
4,다이슨이라서 믿고 구매했어요,다이슨 TP09 쿨 포름알데히드 공기청정기
4,소음이 좀 심해요ㅠ,다이슨 TP09 쿨 포름알데히드 공기청정기
4,디자인이 마음에 들고 잘 작동합니다. 다만 조금 시끄럽습니다,다이슨 TP09 쿨 포름알데히드 공기청정기
4,생각보다 조용하고 디자인이 예뻐요. 배송도 빠르고 좋았어요.,다이슨 TP09 쿨 포름알데히드 공기청정기
4,우선 디자인 이 참 좋아요. 아직 그렇다할 만한 성능을 모르겠구요.. 움~~디테일함은 정말 좋아요,다이슨 TP09 쿨 포름알데히드 공기청정기
4,엄청 사고싶었는데 니켈이랑화이트랑 고민하다 니켈품절이라 그냥 화이트로 주문했어요..틀자마나 난리나더니 30분쯤지나니까 조용해지내요^^;; 기존에있던 우리집공기청정기는 아무반응 없었는데 뭐가 맞은건지..^^;;,다이슨 TP09 쿨 포름알데히드 공기청정기
4,"잘받아서 설치완료
더써봐야알겠지만 폰으로연동해서
편리하네요",다이슨 TP09 쿨 포름알데히드 공기청정기
4,좋은데 안방에 놓고자몀 왜 공기가 더워지는거 같죠? 거참나 ..,다이슨 TP09 쿨 포름알데히드 공기청정기
4,"배송은 빠르게왔는데..
긁히는 기계음이 들렸다말았다 하네요.,",다이슨 TP09 쿨 포름알데히드 공기청정기
4,효과잇는지 잘 모르겠지만 만족해용 잘쓰는중,다이슨 TP09 쿨 포름알데히드 공기청정기
4,아직 사용해보진 않아서..잘받았습니다~,다이슨 TP09 쿨 포름알데히드 공기청정기
4,깔끔하고 새집증후군 효과있을듯?,다이슨 TP09 쿨 포름알데히드 공기청정기
4,생각보단아쉽지만역시다이슨,다이슨 TP09 쿨 포름알데히드 공기청정기
4,가격빼곤 좋습니다^^,다이슨 TP09 쿨 포름알데히드 공기청정기
4,배송 : 보통 / 제품 : 좋음,다이슨 TP09 쿨 포름알데히드 공기청정기
4,"주문후 3일차에 받았어요. 집이 화이트톤인데 실버원했지만, 새집이라. .프롬알데히드 정화기능이 있대서 본 디자인을 선택했어요. 디자인 만족합니다. 정품등록후 앱으로 편리하게 사용하고자해요.",다이슨 TP09 쿨 포름알데히드 공기청정기
4,"이쁘네요.
너무 크지 않아 공간도 많이 차지 않아서 좋아요..",다이슨 TP09 쿨 포름알데히드 공기청정기
4,"역시 다이슨이네요
디자인도 이쁘고
갖고 싶었던 다이슨
너무좋아요",다이슨 TP09 쿨 포름알데히드 공기청정기
4,검수를 제대로 해야 하겠습니다. 반품 된건지 원래 그런건지는 모르겠지만 때가 여기저기 있는 상태 입니다. 지워는져서 그냥 쓰긴 하는데 썩 기분이 좋지 못하네요.,다이슨 TP09 쿨 포름알데히드 공기청정기
4,잘 받았습니다 빠른 배송 감사드리구요 1+1 행사 잘 받아서 기분이 좋네요 잘쓸게여,다이슨 TP09 쿨 포름알데히드 공기청정기
4,음.. 냉정하게 디자인 예쁘고 특이한 거 말고는 성능에 대해선 그닥..,다이슨 TP09 쿨 포름알데히드 공기청정기
4,공기 상태에 별 반응이 없긴한데 ㅠ 잘 되고 있는진 아직 모르겠어요 더 지켜봐야겠어요 그래도 다이슨이니까 믿고 구매,다이슨 TP09 쿨 포름알데히드 공기청정기
4,전체적으로 기분이 좋은 공기를 사용 할 수 있다는 느낌이 듬,다이슨 TP09 쿨 포름알데히드 공기청정기
4,배송은3일 정도이고 백화점대비 저렴하게 잘 샀습니다,다이슨 TP09 쿨 포름알데히드 공기청정기
4,"생각보다 크기도 크지 않고
거실 한켠에 놓기 괜찮습니다
고양이 두마리 길러서 구입했어요
잘 쓰고 있습니다",다이슨 TP09 쿨 포름알데히드 공기청정기
4,좋아요 쓸만합니다 다음에도 구매가능,다이슨 TP09 쿨 포름알데히드 공기청정기
4,"상품, 배송 만족합니다
다만 제가 원한색상이 품절돼서 별 하나 뺐습니다",다이슨 TP09 쿨 포름알데히드 공기청정기
4,배송이 빨라서 좋았어요,다이슨 TP09 쿨 포름알데히드 공기청정기
4,소음이 조금 큽니다,다이슨 TP09 쿨 포름알데히드 공기청정기
4,쿨 기능 사용시 10단을 하지 않으면 바람이 많이 약함.. 10단 사용시 소음이 있음.. 그 외 모든것이 좋음 역시 다이슨,다이슨 TP09 쿨 포름알데히드 공기청정기
4,"리모콘 자석이 그리 단단치 않아 떨어져
벌써 청정기 윗부분에 스크래치가 났네요 ㅠ
오늘 오픈박스에 좋은 공기질 기대해봅니다",다이슨 TP09 쿨 포름알데히드 공기청정기
4,새로 산 옷징이 E0인데도 눈이 따꺼웠는데 이 청정기 틀은 뒤로는 견딜만 해졌어요 그래서 하나 더 삿습니다,다이슨 TP09 쿨 포름알데히드 공기청정기
4,새집 입주선물로 구매했어요.인테리어효과도있고 기능은 좋길 기대합니다,다이슨 TP09 쿨 포름알데히드 공기청정기
5,"스마트한 공기청정기! 역시 다이슨입니다.
믿고쓰는 다이슨 , 청소기입문하여 미세먼지에 알러지비염까지 있는탓에 올봄 면역력이 떨어졌는지 유난히 증세가 심해서 가격은 부담스럽지만 핫딜로 세일된 가격에 사서 너무 좋네요.
오토모드해두면 따로 설정 신경쓸필요가 업구요
바람세기, 방향, 타이머 등 리모콘으로 컨트롤이 가능합니다. 쿨기능 있어서 선풍기까지 덤이니 유용하게 사용할듯요~

옮겨다니기엔 편하지만 2살짜리 자꾸 잡고흔든다능ㅜㅜ 흔들려서 넘어질것같아요..
유아있는집은 조심해서 쓰셔야할듯요



미세먼지,꽃가루, 포름알데히드, 합성화학물질, 이산화질소, 온도, 습도 모두 모니터에 표시되네요

기능 !",다이슨 TP09 쿨 포름알데히드 공기청정기
5,배송도 빠르고 안전하게 무사히 도착했어요! 무엇보다 다이슨 공기청정기 덕분에 인테리어 비용없이도 집안 분위기가 살아나서 좋습니다. 어플로 어디서나 공기질제어 모니터링 가능한거 너무 좋아요. 리모콘은 너무 귀엽고 앙증맞아요 요즘 공기가 걱정인데 구매잘한거 같아요!!,다이슨 TP09 쿨 포름알데히드 공기청정기
5,"일단 배송 빠르구요, 포장상태도 단단히 잘 되어서 왔어요.개인적으로 스티로폼 잔뜩 들어있는 포장형태가 싫었는데, 종이틀로 잘 싸여 포장되어 있더라구요.포장 뜯자마자 생각보다 조립 쉬워서 금새 완성해서 작동해보았어요.말 많던 소음은 지금 집에 있는 블루에어도 단계 높여 돌릴 땐 큰 편이어서 거슬리지 않았어요.기본적으로 오토모드일 땐 기본소음정도 였어요.마침 공기 나쁜 날 와줘서 시험 작동 잘 했네요.생각보다 더 빠르게 오염된 실내공기를 잘 잡아주구요. 작동상태 보여주는 디스플레이 모니터도 아기자기하게 상태를 잘 알려주어서 좋았어요.선풍기 기능은 흠..그냥 그래요.시원하려면 좀 시끄러워지면 되요.그리고 무게가 7.7킬로라는데 돌쟁이 아이보다 가벼운 게 맞지만, 전 무거웠어요;;;그래도 전반적으로 만족해요.디자인이 예쁘기도 하고 포름알데히드도 잡아준다구 하고 기본적인 공청기 기능도 잘 하고 가격도 쿠폰 먹여서 60만원 후반대로 그럭저럭 잘 샀어요.(급히 필요했기에 이정도 가격도 메리트 넘치지 말입니다.^^:)",다이슨 TP09 쿨 포름알데히드 공기청정기
5,"배송 아주 빠름 !!

신축 아파트 이사와서 베이크아웃도 제대로 못한터라 .. 보일러를 틀면 눈이 따갑고 몸이 안좋아지는거 같더라구요 기존에 있었던 공기청정기는 평수에 맞지 않아서 고민하던 차에 이 제품을 알게되었습니다 반영구적인 필터에 새집증후군에 좋다고해서 고민안하고 구입했어요
공기청정기가 너무 크면 ..인테리어에 방해되는것도 있는데 다이슨은 역시나 .. 고급스럽고 부담스러운 느낌이 아닙니다

앱을 연동해서 조절하는것도 편해요
방향조잘이 360 돌아가서 온 집안을 깨끗한 공기로 정화하는 기분입니다

카드할인 받고 .. 배송 왔을때 여자 혼자서도 쉽게 조립하고 설치 할 수 있답니다 !!",다이슨 TP09 쿨 포름알데히드 공기청정기
5,크기가 생각대로 크긴한데 디자인이 깔쌈?해서 집 한가운데에 세워둬도 거슬리지않네요. 바람세기 조절 가능하고 최고로 높이면 거의 선풍기 대용으로 써도 될 정도로 강풍이 불어요. 성능도 나쁘지않고 여러모로 잘쓰고 있습니다. 근데 설치를 기사님이 해주시나 했는데 저희가 직접하는 거 더군요! 암튼 잘쓰겠습니다~,다이슨 TP09 쿨 포름알데히드 공기청정기
5,"저희집에 두번째 다이슨공기청정기입니다^^
한대로 쓰다 한대 더 있음 좋을꺼같아 구매했어요
배송 칼이네요 주문하고 다음날 바로도착😍 감동입니다ㅋ
그전에 쓰던건 초창기 모델이라 표시창이 없어 좀 답당햇는데 새로산건 앱도 있고 자체에도 표시창이 잇으니 답답함해소 만족이예요ㅋ
오자마자 오토로 돌렸더니 10으로 해서 계속 돌아가네요 10단계까지 하니 좀 시끄럽긴해요
단계 낮춰서 돌리는중입니다
^^",다이슨 TP09 쿨 포름알데히드 공기청정기
5,"아기가 태어나서 공기청정기
한대 더 필요해서 알아보던 중 포름알데히드 제거가 된다고하여 구매하게되었어요 자동모드로 했을때 강도3단계부터는 약간의 소음이 있기는하지만 공기정화가 되고나서는 켜져있는지도 모르게 소음은 사라져요 다만 정화될 때 선풍기바람이 같이나와서 요즘같은 겨울에는 집안 공기온도가 낮아지긴해요 그래도 이쁘니까 저는 만족합니다",다이슨 TP09 쿨 포름알데히드 공기청정기
5,"배송도 빠르구용 ~
생각햇던것보다 금색이 고급스럽게 이뻐서 만족이요! ㅎㅎ 이사계획중이라 이사가면 사려다가 시기가 늦어져서 미리 구입햇는데 너무 이뻐용 ㅎㅎ 공기도 갑자기 더 맑아진 기분이라 더 좋네요 ㅎㅎ
원래 비염이 심해서 공기청정기 중요시 하다가 얼마전에 바리고 바꿀계획 하다가 산건데 ㅎㅎ
역시 신혼살림은 다이슨이네요 ㅎㅎ
^^*",다이슨 TP09 쿨 포름알데히드 공기청정기
5,"공기청정기가 필요해서 여러브랜드를 고민중
다이슨으로 선택했는데 잘한 선택 같아요.
일단 가볍고 외관이 깔끔하고 인테리어 효과도 있어서
좋구요.
관리하기도 편하고 앱이랑도 연동되어서 편리한 것 같아요.
너무 !",다이슨 TP09 쿨 포름알데히드 공기청정기
5,"결제 하자마자:담날 바로 도착했어요
너무 너무 사고 싶었는데.. 디잔 부터 성능까지
역시 다쓴이에요 필터 장착도 쉽고 소음이 있다는 말에 걱정했는데 전 모르겠네요 다른제품들도 다 이정돈 있지않나요 어플과도 연결하여 실내공기질 상태를 수시로 모니터링 할 수 있어 참 편리하네요",다이슨 TP09 쿨 포름알데히드 공기청정기
5,"거실하고 부엌에 두려고 2개 샀습니다
조용하도 관리도 쉽게 생겨서 매우 만족해요
필터교체도 정말 쉽겠더라구요
에어랩이랑 청소기 쓰고 맘에 들어서 쿨 공청기도 샀는데 역시 좋네요
선풍기 따로 안둬서 되서 더욱 좋구요
방에 둘것도 추가로 살까봐요",다이슨 TP09 쿨 포름알데히드 공기청정기
5,"누나 이사 선물로 사줬어요~
너무 마음에 든다네요.
새집이라 새집 증후군 때문에 선물해 줬는데
다른 제품에 비해서 다이슨 제품이 제일 나은 것 같아요.
새집이 아니라면 꼭 살 필요는 없겠지만,
새집으로 이사 할 경우 새집에서 나오는 유해물질들 까지도 걸러 준다고 하니깐 ^ ^",다이슨 TP09 쿨 포름알데히드 공기청정기
5,재택 근무로 방에만 있다보니 창문을 열어 놓고 있으려니 왠지 찝찝해서 한꺼번에 2개 장만 이젠 다이닝에 하나 거실하나 큰애 작은애 막둥이 까지 총 5개가 되었네요 요즘 슬슬 더워지니 선풍기 역할도 하니 너무 좋아요 다만 하루 종일 틀어보니 새로 구입한 한개에서 고주파가 나오는데 요건 나중에 교환신청해야 할것 같아요,다이슨 TP09 쿨 포름알데히드 공기청정기
5,"초반에는 성능에 대해 의구심이 들었는데
한달 써보니 이래서 다이슨 하는구나 했어요.
주방에서 음식을 하거나, 밖에 미세먼지가 심한날은
실내 공기도 딱 안좋아지더라구요
그럴때마다 다이슨이 열일하며 청정으로 바꿔놓네요.
덕분에 올 봄 미세먼지도 실내에선 걱정없습니다.
곧 이사갈 동생도 사주고 싶은데
제가 구매했을때보다 무려 20이나 올랐네요 👀
라방 특가 기회 다시 노려야겠습니다.",다이슨 TP09 쿨 포름알데히드 공기청정기
5,"새집으로 이사오면서 2월달부터 구매하려고 했는데 품절이라서 기다리고 있었어요
역시 ssg에서 할인 왕창 들어간 금액으로 3월초에 나오자마자 바로 구매했습니다!
바람세기 10까지 있어서 너무 좋아요!
360도 회전되서 멀리멀리까지 퍼지는거 같아요.
포름알데히드가 제일 걱정 되었는데 항상 수치 확인 가능해서 안심입니다.
혹시나
하자수리 할때 수치 확 올라가는거보고 믿음이 생겼습니다!
아기집에 정말 필수에요~~^^",다이슨 TP09 쿨 포름알데히드 공기청정기
5,2년전에 구입했는데 그전 모델은 포름알데이드제품은 아니지만 아주 만족하게 사용하고 있었습니다. 매장에서 사용하고 있는데 1년전에 매장옆 에어컨 실외기에서 전기합선으로 불이 났는데 매장 안으로 유해가스가 유입되니 자동으로 알아서 작동된것을 보고 더욱 믿게 되었습니다. 그때 이후 잘 쓰고 있는데 요즘들어 바람세기 약해져서 이참에 하나더 구입하고 하나는 AS받으려고 업그레이드 제품으로 구입했습니다.,다이슨 TP09 쿨 포름알데히드 공기청정기
5,"원룸형 오피스텔이라 음식하면 냄새가 넘 심했거든요
특히 겨울이라 추워서 창문을 열 수도 없고 공기청정기가 필요하던참에 다이슨청정기가 할인도하고 필터까지 하나 더 주는 행사기간이어서 바로 구매했어요 크기도 슬림하고 핸폰으로 조작가능하고 여튼 만족만족입니다
가습기능있는걸 구매하려다 이제품샀는데 그래도 만족이에요",다이슨 TP09 쿨 포름알데히드 공기청정기
5,상한 곳 없이 배송 잘 왔습니다. 이미지로 봤을 때는 꽤 무거울 거라 생각했는데 막상 들어보니 가볍더라고요. 청소할 때 옮기기 편할 거 같아서 좋아요. 필터도 끼우기 편하고 작동도 잘 되네요. 전원선도 콤팩트하게 돼 있어서 마음에 들었습니다. 이사 가서 사용하려고 미리 샀는데 산 보람 있길 바라네요.,다이슨 TP09 쿨 포름알데히드 공기청정기
5,"집에 갓 돌된 아기가 있어서 특히 공기질에 대해서 관심이 있었습니다. 인터넷으로 알아보니 다이슨 TP09제품은 포롬알데히드까지 잡아 준다는 것을 보고 안심하고 구매하였습니다. 토요일에 주문했는데 월요일에 받았고, 디자인은 물론 말할것도 없이 영롱하구요. 더운 여름 날씨에 쿨링 기능까지 있어서 매우 만족합니다. 모바일로 공기질 현황도 볼 수 있고 원격으로 조정 가능합니다. 공기청정기 구매 예정이신분은 강추 드립니다.",다이슨 TP09 쿨 포름알데히드 공기청정기
5,"새집으로 이사오면서 다이슨 포름알데히드가 좋다고 누가 추천해 줬어요.
그런데 기계 소음으로 반품하고 여기서 다시 주문했습니다.
마침 가격도 80만원정도에 필터까지 하나 더 준다고 해서 고민 없이 주문 했구요.
배송 이틀만에 왔고 색상도 고급진게 넘 맘에듭니다.
하루 틀어봤는데 아직 소음은 없네요.
배송도 좋고 합리적인 소비였어요.
새집증후군 때문에 걱정이신 분들께도 추천할께요~",다이슨 TP09 쿨 포름알데히드 공기청정기
5,"너무 가볍고 설치도 쉽고 핸드폰 연동도 너무 쉽고 뭐 하나 뒤떨어지는게 없어요
제가 10년전 다이슨 살때보다 많이 올랐지만 그만큼 기술력이 뛰어나니 인정하고 돈도 안아까워요
너무 잘샀어요 쓱에서 쿠폰받아서 저렴하게 샀네요 잘 쓰겠습니다^^",다이슨 TP09 쿨 포름알데히드 공기청정기
5,공기청정기 처음 써보기도 하고 이왕 사는거 돈 더 보태서 다이슨 장만 하게 되었네요. 디자인도 너무 이쁘고 성능도 좋고 다이슨인데 무슨 말이 필요 할까요. 요즘 더워서 에어컨만 틀고 사는데 공기청정기로 좀더 쾌적한 방콕을 즐길수 있겠네요. 너무 만족 합니다,다이슨 TP09 쿨 포름알데히드 공기청정기
5,"조용하지만 강력하게 움직여서 좋았어요.
사실 시끄러울거라고 생각했는데 나름 조용하고
예약기능을 통해서 적절한 낮시간만 사용도 가능해서 마음에
쏙 들었답니다^^

할인기간에 1년 사용할 필터까지 구매해서 !",다이슨 TP09 쿨 포름알데히드 공기청정기
5,기존 타사 공청기보다 다양하게 오염물들을 측정가능해서 좋습니다. 어플도 상당히 직관적이구요. 다만 내구성 측면에서 조금 약해보이는건 긴 구조상 어쩔수없는듯해요~그렇지만 강추합니다. 성능과 디자인에서 압도적입니다.,다이슨 TP09 쿨 포름알데히드 공기청정기
5,"다이슨 공기 청정기 처음에 나온 모델 쓰고 있는데 다른 브랜드보다 확실히 공기순환이 빨라요. 옆집에 담배 냄새가 저희 집으로 스며들어와서 포름알데히드로 한개 더 구매했어요. 집에 큐브도 있고, 위닉스도 있고 공기청정기만 여러대인데 역시 다이슨이 최고네요.",다이슨 TP09 쿨 포름알데히드 공기청정기
5,고민했던 시간을 보상받는 느낌입니다. 다이슨 앱이용해서 집에 들어가기전에 작동시키면 쾌적하고 너무 좋아요! 작동음도 적당하고 가벼워 이동해가며 잘쓰고 있어요 새집이라 목도 칼칼하고 불편했는데 호전되었어요 탁월한 선택이었어요 ㅎ,다이슨 TP09 쿨 포름알데히드 공기청정기
5,신축 건물에 입주 하면서 아기가 있어서 포름알데히드 방출이 엄청 걱정되어서 찾아보니 다이슨 공청이 기능이 생겼다고 하더라구요 그래서 구매했습니다. 집에 포름알데이드 수치 검사하는 기기기가 있어서 확인해보니 오차범위도 적고 해소 능력도 괜찮은거 같아요~ 그래도 환기는 필요하답니다,다이슨 TP09 쿨 포름알데히드 공기청정기
5,요즈음 황사와 미세먼지 꽃가루등이 많이 날라다는데 이 공기청정기를사용하면서 집안공기가확 달라졌습니다. 안그래도 봄철되면 꽃가루 알르레기 때문에 재채기와 콧물이 심했는데 지금 아무런 증상이 없어젔어요 정말 사길 잘한것같습니다.,다이슨 TP09 쿨 포름알데히드 공기청정기
5,"고등학교부터 같이 지내오던 내 친구..
어느덧 그도 결혼이란걸 하더군요.
못다한 말들과 복잡한 감정, 그리고 너와 나.
그와 나눴던 감정이 다시금 느껴졌지만 애써 모른척 삼켜버렸습니다.

내 감정.. 이 공기청정기면 충분할거야.
잘 지내 사랑했던 나의 그. 형도 너가 그리울거야..",다이슨 TP09 쿨 포름알데히드 공기청정기
5,배송은 일주일 걸렸지만 귀엽고 이쁘네요~ 하루종일 틀어놓고 있어요~,다이슨 TP09 쿨 포름알데히드 공기청정기
5,"좋은 가격에 좋은 제품 잘 받았어요 ^.^
감사합니다",다이슨 TP09 쿨 포름알데히드 공기청정기
5,"다이슨은 역시 디자인이 너무 예쁜 것 같아요
곧 태어날 아이를 위해 구매했는데 소음도 많이 크지 않고 작동법이나 필터교환도 쉬워서 너무너무 잘 사용할 것 같아요!",다이슨 TP09 쿨 포름알데히드 공기청정기
5,요즘 꽃가루 때문에 집 공기가 안좋았는데 다이슨 공기청정기 사용하니까 확실히 좋아진게 느껴집니다^^ 우리집 고양이도 아주 좋아해요,다이슨 TP09 쿨 포름알데히드 공기청정기
5,잘 받았어요^^ 동작은 잘 되는데 소음이 생각보다 있네요 ;;,다이슨 TP09 쿨 포름알데히드 공기청정기
5,"좋아요 배송 하루만에 왔어요
센서가 민감 하니 만족합니다",다이슨 TP09 쿨 포름알데히드 공기청정기
5,"요새 미세먼지와초미세수치가너무 안좋아서
급히 필요했는데 이틀만에보내주셔서 감사해요.
이사 예정이라 겸사겸사샀어요.
이중박스로보내주셔서 좋았어요.",다이슨 TP09 쿨 포름알데히드 공기청정기
5,잘 작동합니다. 공기질이 좋아지는 지는 더 사용해봐야 알겠지만 기분은 좋아지는 거 같습니다.,다이슨 TP09 쿨 포름알데히드 공기청정기
5,디자인 고급스럽고 성능은 좀더 써봐야겠지만 워낙 유명하니까 믿고 주문했어요. 포름알데히드 제거된다하여 기대하고있습니다.,다이슨 TP09 쿨 포름알데히드 공기청정기
5,원하던 다이슨 공기청정기여서 너무 좋아요~크기며 디자인도 마음에 들고 소음도 적어요~감사합니다~!!^^,다이슨 TP09 쿨 포름알데히드 공기청정기
5,"박스가 찍혀서왔지만 제품에는 문제는 없는듯합니다
슬림하고 깔끔한 디자인이라 자리차지도 많이안하고
이쁨니다, 오토로해놓고 세게돌아갈때는 좀 시끄럽긴하지만 평상시는 괜찮네요",다이슨 TP09 쿨 포름알데히드 공기청정기
5,꼼꼼하게 포장되어 와서 좋았고 요리할때나 공기가 나빠지는게 느껴지면 바로 자기가 할일 해서 좋아요!,다이슨 TP09 쿨 포름알데히드 공기청정기
5,구옥에서 나는 오래된집냄새가 확실이 없어졌어요. 매우 만족해요.,다이슨 TP09 쿨 포름알데히드 공기청정기
5,"아주 만족스럽습니다!! 강아지 키우는 집에
필수라고 생각해요",다이슨 TP09 쿨 포름알데히드 공기청정기
5,공기청정도 잘되는거같고 바람도괜찮네요 잘쓰겠습미다!,다이슨 TP09 쿨 포름알데히드 공기청정기
5,배송도 빠르고 제품도 마음에 꼭 듭니다 !!^^,다이슨 TP09 쿨 포름알데히드 공기청정기
5,"배송빠르고 드디어샀네요.
매우만족합니다.",다이슨 TP09 쿨 포름알데히드 공기청정기
5,소음은 약간있는 편이지만 성능은 좋네요,다이슨 TP09 쿨 포름알데히드 공기청정기
5,배송도 빠르고 상품도 매우 이쁘네요,다이슨 TP09 쿨 포름알데히드 공기청정기
5,배송도 빠르고 제품도 이뻐요.,다이슨 TP09 쿨 포름알데히드 공기청정기
5,"와우~
인테리어 짱 입니다~^^",다이슨 TP09 쿨 포름알데히드 공기청정기
5,"다이슨에 입문하였습니다
디자인 끝내줍니다!!!",다이슨 TP09 쿨 포름알데히드 공기청정기
5,배송도 빠르고 정품등록에다 최저가로 살수 있어 너무 좋아요,다이슨 TP09 쿨 포름알데히드 공기청정기
5,배송은 5일걸렸네요..처음에 필터 장착 을 좀 헤맸네요..안에 필터 설치하고 바깥커버설치하는 순서를 설명서에 확실히 설명이 좀 부족해서 한꺼번에 장착하는 바람에 한참 헤맸네요 ㅠㅠ 지금은 잘 작동합니다.,다이슨 TP09 쿨 포름알데히드 공기청정기
5,배송이..일주일걸렸지만ㅜㅜ내부에 긁힘이있어서 속상하지만 원하던거라좋아요ㅜㅜ정화잘해주면좋겠어용,다이슨 TP09 쿨 포름알데히드 공기청정기
5,역시 다이슨 입니다,다이슨 TP09 쿨 포름알데히드 공기청정기
5,"배송도 빨랐고 상품도 문제없이 잘 왔습니다.
색 고민하다가 화이트로 했는데 화사해 보여서 좋아요.
생각보다 무게도 가벼워서 이동성도 좋을 것 같고
여름에도 유용히 쓰일 듯 해요~",다이슨 TP09 쿨 포름알데히드 공기청정기
5,"디자인이 너무 예뻐요
흰색이랑 고민하다가 이걸로 했는데 고급져요
소음이 있는건 잘 못느끼겠어요 물론 바람세기가 강하면 들리지만요
선풍기치고는 약하고 공청기로는 좋네요",다이슨 TP09 쿨 포름알데히드 공기청정기
5,"색상 고민하다 니켈골드했는데 역시 예쁘네요.
이제 미세먼지 엄청난 계절입니다. 빨리들 공기청정기 재정비 하셔야할때 ㅎㅎ 잘쓸게요",다이슨 TP09 쿨 포름알데히드 공기청정기
5,조아요 배송도 빠르고 좋아요 ㅎㅎ 감사합니다.생각보다 소음도 없고 디자인도 만족합니다.,다이슨 TP09 쿨 포름알데히드 공기청정기
5,"며칠차이로 10프로 쿠폰이 없어져서 아쉬웠지만 새집에서 열심히 공기청정해주고 있어서 너무 좋아요
니켈색 너무 갖고싶었지만 품절이라 ㅠㅠㅜ
하지만 흰색도 이뻐요~~",다이슨 TP09 쿨 포름알데히드 공기청정기
5,"알레르기 비염도 있고 집에 털 친구 두 마리가 함께 공존하는 집이라 도움이 될까 싶어 구매했습니다.
아침마다 재채기하는 게 조금 덜 하네요
어플에서 관리도 너무 편하네요!",다이슨 TP09 쿨 포름알데히드 공기청정기
5,"새집으로 이사가서 주문해서 사용하고 있어요~
새집냄새가 나는것같은데 녹색으로 떠서 감지를 잘 못하나싶긴한데 좀 더 써봐야알것 같아요~
디자인도 맘에 들고 좋아요^^",다이슨 TP09 쿨 포름알데히드 공기청정기
5,"다이슨 제품은 처음인데, 왜 디자인 엄지척이라 하는지 알겠어요. 소음은 조금 있지만, 이 정도면 아주 좋아요!",다이슨 TP09 쿨 포름알데히드 공기청정기
5,작동 시켰는데 뭔가 공기가 더 깨끗해지는 느낌이네요.ㅎㅎ 디자인도 너무 맘에 들고 바람이 나오니 여름엔 시원하고 겨울엔 실내에서 이불빨래 널었을때 말리기 좋을것 같네요. 필터 사은품도 잘 쓰겠습니다~ ^^,다이슨 TP09 쿨 포름알데히드 공기청정기
5,"소음도 크지않고 야간모드가 있어 좋아요
일단 디자인부터 맘에 든거라 ㅎㅎ
공기가 쾌적해진 느낌 굿입니다",다이슨 TP09 쿨 포름알데히드 공기청정기
5,"업체 직접 배송이라 너무 좋네요
파업지역이여서 사놓고도 걱정했는데~~
디자인도 이쁘고 성능도 괜찮네요
핸드폰으로도 제어가 가능한것도 좋구요^^
다이슨 as도 좋으니 쓰면서 계속 만족할것같아요~~",다이슨 TP09 쿨 포름알데히드 공기청정기
5,청소기 써보고 너무 좋아서 lg꺼 살까 고민하다가 가격혜택보고 질렀어요. 오토로 해놓으니 소음없고 좋으네요. 디자인 너무이뻐요.,다이슨 TP09 쿨 포름알데히드 공기청정기
5,"깔끔한 디자인 좋아요
공식홈피보다 재고가 여유로워 편리하게 구매했습니다",다이슨 TP09 쿨 포름알데히드 공기청정기
5,디자인은 맘에들고 성능은 좀더사용해봐야 알겠네요,다이슨 TP09 쿨 포름알데히드 공기청정기
5,친구 결혼선물로 줬어요~! 친구가 너무너무 만족해 하고 있습니다:) 인테리어도 너무 잘 어울린다고 좋아하네요 ㅎㅎ 최고에요!,다이슨 TP09 쿨 포름알데히드 공기청정기
5,"이뿌구 좋네요
공청 만족",다이슨 TP09 쿨 포름알데히드 공기청정기
5,안방 공기**기가 오래되서 바꿨습니다. 좋은 상품 좋은 가격에 구매해서 좋습니다. 바람이 시원해서 좋아요. 마음에 들어요!!,다이슨 TP09 쿨 포름알데히드 공기청정기
5,배송도 짜르고 새집으로 이사왔는데 포름알데히드 수치가 많이 개선됐어요,다이슨 TP09 쿨 포름알데히드 공기청정기
5,배송이 빨라서 좋았습니다~,다이슨 TP09 쿨 포름알데히드 공기청정기
5,"워낙 유명하고 좋은 제품이라 라이브때 맞춰 구매했어요. 혜택도 받고 배송도 빨랐어요 :)

디자인 너무 예쁘고 설치도 간편하고 기능도 좋습니다! 특히 핸드폰이랑 연결해두니 정말 편해요.

아주 만족합니다!",다이슨 TP09 쿨 포름알데히드 공기청정기
5,디자인 너무 예쁘고 고급스럽네요. 포름알데히드 잡아주고 초미세먼지 잡아준다니 공기 나빠져도 걱정 없어요. 가습되는 것으로 살까 고민하다 이 제품 선택했는데 너무 만족스러워요.,다이슨 TP09 쿨 포름알데히드 공기청정기
5,인테리어후 이사하느라 아이 건강 생각해서 구입했는데 유해물질 걱정이 좀 줄어 일단 마음이 편하네요! 디자인은 말할 필요 없이 훌륭합니다!!,다이슨 TP09 쿨 포름알데히드 공기청정기
5,"생각보다 크네요! 온풍도 되는거 사고 싶었는데 품절이라 아쉽지만, 아기도 태어나서 공기청청기
바꿔봤어요~ 다이슨 제품은 다 만족합니다",다이슨 TP09 쿨 포름알데히드 공기청정기
5,공기청정기 오래 고민하다가 디자인 예뻐서 다이슨으로 주문했어요. 안방에서 쓰는 에어로타워에 비해 다이슨 제품 특유의 소리가 나지만 오염도 심할때만 나서 괜찮습니다.,다이슨 TP09 쿨 포름알데히드 공기청정기
5,멀리 있는 공기까지 흡입해서 청정해주는거 같아요 인테리어 용도로도 너무 좋구요 ㅋㅋ대신 10단계로 틀면 바람 소리가 좀 커요,다이슨 TP09 쿨 포름알데히드 공기청정기
5,기능 디자인 다 너무 좋아요! 리모델링 후 새집증후군이 신경쓰여서 알아보다가 바로 샀어요!! 지금도 옷방에서 열일중입니다^^,다이슨 TP09 쿨 포름알데히드 공기청정기
5,"다이슨 청소기, 선풍기, 드라이어 모든 제품 만족하며 사용중입니다. 믿고 공기청정기도 구입했구요.배송도 빨랐어요.
이사가는 집에서 쓸려고 구입했고, 한 번 사용해보니 소음도 괜찮고 만족합니다.",다이슨 TP09 쿨 포름알데히드 공기청정기
5,"소리가 조용해서 좋아요
인테리어 디자인상으로 너무 예뻐요
단점이 있다면 가격 뿐인데 너무 만족해요
결국 공기청정기 살거라면 다이슨 써서 오래오래 쓰세요!",다이슨 TP09 쿨 포름알데히드 공기청정기
5,"출산이 얼마남지않아~~아기때문에
구매했어요🤗
제품디자인도~~ 너무 마음에 들고 소음도
크지않아서 좋네요!!
여름에~~ 일반선풍기는 걱정이될거같았는데
선풍기기능까지 되니 너무 안심이 되네요",다이슨 TP09 쿨 포름알데히드 공기청정기
5,샤오미보다 자리는 적게 차지하고 성능은 말할 것도 없네요. 진작 살 걸 그랫어요. 모바일앱으로 공기 상태 확인하고 원격 조작할 수 있는 것도 정말 편리해요.,다이슨 TP09 쿨 포름알데히드 공기청정기
5,"핸드폰어플로 집밖에서도 조절가능하고

심플한 디자인으로 고급짐을 유발합니다

다이슨 믿고 구입합니다 여기서 24개월 무이자로

부담없이 샀어요",다이슨 TP09 쿨 포름알데히드 공기청정기
5,휴미디파이 사용하다가 불량으로 이 모델로 구매했는데 소음도 적고 괜찮네요. 몸통이 회전되는것도 좋아요.,다이슨 TP09 쿨 포름알데히드 공기청정기
5,소음은 적당하고 바람이 나오는 방향이 변경가능해서 좋아요.선풍기로도 사용가능하고 무엇보다 포름알데히드제거가 가장 큰 구매이유입니다.,다이슨 TP09 쿨 포름알데히드 공기청정기
5,"이사하기전에 사서 이사하고
너무 요긴하게 잘 쓰고 있습니다.
와이파이 연결해서 쓰는게 진짜 편하고 좋네요.
고양이들 집에두고 집 내부공기 신경쓰일때
틀어줄수있어서 너무 마음편하고 좋아요",다이슨 TP09 쿨 포름알데히드 공기청정기
5,생각보다 약간 소리가 나는 가전이네요. 디자인도 깔끔하고 직관적인게 사용하기도 좋고 추천합니다.,다이슨 TP09 쿨 포름알데히드 공기청정기
5,이사온 집에 포름알데히드 걱정되서 구매햇는데 만족해요. 서큘레이터로 시원하기도하고 이뻐요 ㅋ,다이슨 TP09 쿨 포름알데히드 공기청정기
5,엄마가 새집 증후군으로 고생중이셔서 제올라이트 피톤치드 안해본 게 없는 데 다 소용없었고 이게 최고입니다. 후각 예민해서 고생중이시라면 강~추할께요.,다이슨 TP09 쿨 포름알데히드 공기청정기
5,생각보다가벼워서놀랫네요..라이브로 필터 추가준데서 주문햇는데 저렴하게 구입은햇는데 공기청정기능은 좀더 지켜봐야할것같아요,다이슨 TP09 쿨 포름알데히드 공기청정기
5,다이슨 디자인이야 말할것 없이 예쁘고 미먼심한 여름 다가오니 방마다 필요해서 구매했어요,다이슨 TP09 쿨 포름알데히드 공기청정기
5,"배송도 빠르고, 설치도 간단해서 좋습니다. 일단 집안분위기랑 잘 어울려서 좋아요!",다이슨 TP09 쿨 포름알데히드 공기청정기
5,"디자인 이쁘고 보기만해도 청정되는 느낌 ㅎㅎ
앱으로 사용도 편리하고 좋아요~^^",다이슨 TP09 쿨 포름알데히드 공기청정기
5,"일딴 디자인 예쁘고
소음 적고 리모콘도 있고
어플 연동 되서 편하고~
맘에 듭니다",다이슨 TP09 쿨 포름알데히드 공기청정기
5,디자인은 말 할 필요없이 뛰어난데다가 포름알데히드도 제거한다고 하니 너무 좋습니다. 문제없이 잘 가동되네요. 만족합니다.,다이슨 TP09 쿨 포름알데히드 공기청정기
5,부모님댁에 다이슨공청으로 했어요 디자인은 맘에 드는데 색감이 별로에여ㅎ,다이슨 TP09 쿨 포름알데히드 공기청정기
5,배송도 빠르고 흠집없이 잘 왔어요 작동도 잘 되고 곧 환기를 해야하는대 미세먼지가 심해 얼른 주문했어요,다이슨 TP09 쿨 포름알데히드 공기청정기
5,"집들이 선물로 구매했어요.
너무 좋아할 것 같아요.
빠른 배송도 만족합니다.",다이슨 TP09 쿨 포름알데히드 공기청정기
5,아주 만족스럽습니다 핸드폰으로 공기질을 확인할 수 있는 게 너무 좋아요,다이슨 TP09 쿨 포름알데히드 공기청정기
5,부피는 작아서 인테리어로 어디 둬도 좋아요. 성능은 말할 것도 없이 굿!,다이슨 TP09 쿨 포름알데히드 공기청정기
5,저렴하게 샀는데 인테리어적으로도 매우 만족스럽네요!! 성능은 당연!!,다이슨 TP09 쿨 포름알데히드 공기청정기
5,"여름엔 더 시원하게 사용할 수 있을 것 같아요.
심플합니다! 잘 샀어요!",다이슨 TP09 쿨 포름알데히드 공기청정기
5,"무게 가볍고, 존재감이 부담스럽지 않음. 기능도 좋아요! 넘 잘 산 듯",다이슨 TP09 쿨 포름알데히드 공기청정기
5,다이슨 공기청정기 디자인이 너무 맘에 들어 구매했습니다.,다이슨 TP09 쿨 포름알데히드 공기청정기
5,너무 잘 사용하고 있어요~다이슨 공기청정기 만족합니다~^^,다이슨 TP09 쿨 포름알데히드 공기청정기
5,집에 냄새가 잘안빠져서 그냥 사버렸어요. 만족합니다.!!,다이슨 TP09 쿨 포름알데히드 공기청정기
5,"디자인도 깔끔하고 이뻐요
다이슨이니 믿고 구매했어요",다이슨 TP09 쿨 포름알데히드 공기청정기
5,포름알데히드 및 집안공기를 관리 할 수 있어서 좋아요.,다이슨 TP09 쿨 포름알데히드 공기청정기
5,색도 마음에 들고 선풍기처럼 사용중인데 시원합니다.,다이슨 TP09 쿨 포름알데히드 공기청정기
5,"디자인도 고급스럽고, 부피도 적게 차지 해서 좋아요~",다이슨 TP09 쿨 포름알데히드 공기청정기
5,"제품도 ~너무 이쁘고 기능도 좋네요 :)

잘 쓰겠습니다.",다이슨 TP09 쿨 포름알데히드 공기청정기
5,색도 이쁘고 디자인도 너무 이뻐서 맘에 듭니다!',다이슨 TP09 쿨 포름알데히드 공기청정기
5,배송 빠르구요. 디자인이 예뻐요. 성능도 좋습니다,다이슨 TP09 쿨 포름알데히드 공기청정기
5,"디자인너무예쁘구요
너무깨끗한느낌이예요~~^^
다음에 청정기 또 살때도 다이슨포름알데히드로 하려구요 너무좋아요",다이슨 TP09 쿨 포름알데히드 공기청정기
5,거실이랑도 잘어울리고 디자인도 맘에 듭니다,다이슨 TP09 쿨 포름알데히드 공기청정기
5,화이트로사니까 예뻐요 공기질도 좋아진듯,다이슨 TP09 쿨 포름알데히드 공기청정기
5,다이슨공청 좋아요 다만 소리가 꽤 크네요,다이슨 TP09 쿨 포름알데히드 공기청정기
5,집 인테리어로도 제격이에요 넘 이쁘고 똑똑한 공기청정기네요 다이슨 최고에요,다이슨 TP09 쿨 포름알데히드 공기청정기
5,화이트골드 선택하길 넘 잘한것 같아요. 강아지 때문에 구매했는데 효과 있네요^^ 좋은가격에 넘 좋은제품 잘 구매했습니다. 감사합니다.,다이슨 TP09 쿨 포름알데히드 공기청정기
5,너무 좋습니다. 만족하면서 쓰고 있어요~,다이슨 TP09 쿨 포름알데히드 공기청정기
5,디자인도 맘에들고 생각보다 조용합니다,다이슨 TP09 쿨 포름알데히드 공기청정기
5,역시 다이슨 좋아요 이쁘고 일도 잘해요,다이슨 TP09 쿨 포름알데히드 공기청정기
5,"배송 빨라서 좋아요~~
디자인도 이쁘네요",다이슨 TP09 쿨 포름알데히드 공기청정기
5,다지인도 이쁘고 성능도 좋은거 같아요,다이슨 TP09 쿨 포름알데히드 공기청정기
5,"행사할 때 잘 구매했네요, 맘에 들어요",다이슨 TP09 쿨 포름알데히드 공기청정기
5,"만족합니다
디자인이 더 마음에 들어요",다이슨 TP09 쿨 포름알데히드 공기청정기
5,디자인이 이쁘고 작동이 잘 되어요,다이슨 TP09 쿨 포름알데히드 공기청정기
5,너무 좋어요 이쁘기도 하고 ㅎㅎ,다이슨 TP09 쿨 포름알데히드 공기청정기
5,디자인 깔끔하고 성능도 좋아요,다이슨 TP09 쿨 포름알데히드 공기청정기
5,"좋은 기회에 구매했는데, 소음도 적고 아이가 있다보니 팬이 없는 점이 너무 좋습니다, 아이가 있는 가정에 추천합니다",다이슨 TP09 쿨 포름알데히드 공기청정기
5,배송빠르고 디자인이좋아요~^^,다이슨 TP09 쿨 포름알데히드 공기청정기
5,다이슨 디자인 예쁘고 좋아요,다이슨 TP09 쿨 포름알데히드 공기청정기
5,디자인이 너무 마음에 들어료,다이슨 TP09 쿨 포름알데히드 공기청정기
5,만족합니다 디자인이쁘네요,다이슨 TP09 쿨 포름알데히드 공기청정기
5,너무좋아요아주만족합니다,다이슨 TP09 쿨 포름알데히드 공기청정기
5,디자인 이쁘고 좋아요~~,다이슨 TP09 쿨 포름알데히드 공기청정기
5,너무 좋네요. 똑똑해요,다이슨 TP09 쿨 포름알데히드 공기청정기
5,좋아요 최고 다이슨 짱,다이슨 TP09 쿨 포름알데히드 공기청정기
5,좋아요 이뻐요 잘삿다,다이슨 TP09 쿨 포름알데히드 공기청정기
5,만족합니다. 좋아요.,다이슨 TP09 쿨 포름알데히드 공기청정기
5,색상은 맘에 안들지만 성능은 맘에들어요 생각보다 소음도 좋네요,다이슨 TP09 쿨 포름알데히드 공기청정기
5,"다이슨 2대째 쓰는데 만족합니다
설치도 간편하고 쉽습니다.",다이슨 TP09 쿨 포름알데히드 공기청정기
5,디자인이 너무 예쁘고 선풍기 기능까지 있는게 너무 좋네요 강추,다이슨 TP09 쿨 포름알데히드 공기청정기
5,"인테리어도굿이고 성능도굿이네요
핸드폰이랑연동도 가능해서 편리합니다",다이슨 TP09 쿨 포름알데히드 공기청정기
5,우리의 공간이랑 너무 잘 어울리고 성능도 좋아서 너무 좋다,다이슨 TP09 쿨 포름알데히드 공기청정기
5,"좋아요 대만족 역시 다이슨이 다이슨했다

배송 정말 빨라요 주문 다음날 도착",다이슨 TP09 쿨 포름알데히드 공기청정기
5,디자인깔끔하고 성능도 좋습니다~ 감사합니다.,다이슨 TP09 쿨 포름알데히드 공기청정기
5,맘에 듭니다 고민고민하다가 행사해서 잘 샀어요,다이슨 TP09 쿨 포름알데히드 공기청정기
5,아주 괜찮네요..가격도 저렴하게 구매했네요.......,다이슨 TP09 쿨 포름알데히드 공기청정기
5,잘쓰소 있어요 디자인도 맘에들어요,다이슨 TP09 쿨 포름알데히드 공기청정기
5,"친절하고, 빠른 배송 감사합니다.
번창하세요!",다이슨 TP09 쿨 포름알데히드 공기청정기
5,"새집 이사해서 신제품 나오자마자 샀어요
눈에 안보이는데 포름알데히드를 잘 잡아준다니깐 다이슨 믿고 삽니다
써보니 우선 디자인이 이쁘구요 효과는 쓰면서 찾아볼게요 ㅎㅎ",다이슨 TP09 쿨 포름알데히드 공기청정기
5,신혼집 선물해줬는데 너무 좋아합니다! 빠른 배송 좋은제품 감사합니다,다이슨 TP09 쿨 포름알데히드 공기청정기
5,"빠른배송 감사합니다
디자인 예쁘네요
사은품도 잘 받았습니다",다이슨 TP09 쿨 포름알데히드 공기청정기
5,"빠른배송 감사합니다.
제품도 만족합니다.",다이슨 TP09 쿨 포름알데히드 공기청정기
5,"간단한 구성이네요
성능도 좋길 바랍니다.
바람방향을 후면으로 설정 가능한거랑 리모콘이 자석으로 붙는게 좋아요",다이슨 TP09 쿨 포름알데히드 공기청정기
5,핸드폰으로 조작하거나 실시간 공기질도 알 수있고 리모컨도 있어서 너무 좋아요~,다이슨 TP09 쿨 포름알데히드 공기청정기
5,다이슨 가습기 쓰다가 좋아서 공기청정기도 샀는데 넘나 만족입니당😊,다이슨 TP09 쿨 포름알데히드 공기청정기
5,좋아요좋아요좋아요좋아요좋아요,다이슨 TP09 쿨 포름알데히드 공기청정기
5,"골드색상이라서 고급스럽고 저희집 분위기와도 잘 맞아서 만족스러워요
잘 산것 같아요
적극 추천해요
포름알데히드 공기청정기라서 더더욱 맘에 들어요~",다이슨 TP09 쿨 포름알데히드 공기청정기
5,역시 다이슨입니다. 앱 연결해서 설정하기도 편하고 잘 끊기지도 않네요. 기능도 좋은데다 인테리어 효과로도 좋고 여러모로 만족합니다.,다이슨 TP09 쿨 포름알데히드 공기청정기
5,"실물이 더더 예쁘네요 ^^ 좋아요
집안공기도 좋아져서 매우 만족합니다",다이슨 TP09 쿨 포름알데히드 공기청정기
5,"너무 좋습니다.다이슨 공기청정기 TP09~주문 이틀만에 배송되고, 공기청정기 작동 잘되고 좋네요~ 스마트폰으로 작동 잘됩니다. 조금더 사용해보고 알릴께요~ 하여튼 너무 좋습니다. ^^ 감사해요~",다이슨 TP09 쿨 포름알데히드 공기청정기
5,"이사하면서 아기가 있어서 구매했는데 정말 잘산거 같아요 새집증후군도 했지만, 다이슨tp09를 작동시켜놓은곳이랑 아닌 곳이랑 너무 차이나요 포름알데히드를 아예파괴시켜준다고 라방할때 보고 마음에 들어 샀는데 진짜 다른거 같아요 냄새가 달라요 다른 공청기도 사용중인데 다이슨tp09가 훨씬 좋습니다 공기청청면에서나 냄새제거면에서나 더 섬세하게 캐치하거 제거해주는거 같아요
정말 후회없이 잘 산거 같아요 👍🏻👍🏻👍🏻👍🏻",다이슨 TP09 쿨 포름알데히드 공기청정기
5,"핸드폰 앱깔고 조절하니까 좋네요.
강하게 하면 좀 시끄럽지만 5정도면 조용하고
고기굽거나 요리할 때 냄새 없애기 좋고
겨울이나 미세먼지 심할 때 환기 시키기 좋을것같아요
오랫동안 찜해놨다가 가격행사 떠서 구매했어요",다이슨 TP09 쿨 포름알데히드 공기청정기
5,라이브보다가 드디어구매했네요 모서리부분에 손톱만하게 살짝 흡집이있는데 교환까지는 귀찮아서그냥쓰려구요 열일하는 다이슨~ 디자인이 너무이뻐요 소중히써야죠 필터는 다다음날인가 바로 배송왔어요,다이슨 TP09 쿨 포름알데히드 공기청정기
5,"새집증후근 때문에 구매했어요
포름알데히드 제거해준다길래요~
소독티슈 사용하면 어김없이 위잉~~~ 하고 돌아가네요
리모콘을 본체 위쪽에 자석으로 붙여 보관할 수 있어 분실염려가 없어 좋아요~",다이슨 TP09 쿨 포름알데히드 공기청정기
5,"앱으로 집안내 공기질 트래킹할 수 있는 점, 다양한 공기 청정이 가능한 점, 350도 회전하는 점 등이 좋아요... 엘지 것은 쓰면서 비싸기만 하고 기능적으로 우수하다는 느낌이 없었는데 훨씬 낫네요.",다이슨 TP09 쿨 포름알데히드 공기청정기
5,"생각보다 길~어요
그리고 측정되는게 다 보여서 편하고
대신 바람세기 높이면 좀 시끄럽긴한데
엄청나게 거슬릴정도는 아니에요",다이슨 TP09 쿨 포름알데히드 공기청정기
5,디자인 예쁘고 좁은공간에 많이 차지하지 않아 좋고 성능은 다이슨이라 믿어요. 선풍기로도 잘 쓸거 같아요.,다이슨 TP09 쿨 포름알데히드 공기청정기
5,"작동잘합니다 정품등록함
포름알데히드가 생각보다없네요 환기를 잘 시켜서 그런가 문닫으면 voc좀 높아짐",다이슨 TP09 쿨 포름알데히드 공기청정기
5,"벼르고 벼르다 할인하길래 좋은 혜택에 샀어요
거실 인테리어의 완성!!!!
기능은 말할것도 없구요😍
그동안 왜 고민했나싶습니다",다이슨 TP09 쿨 포름알데히드 공기청정기
5,"새아파트 입주날 받았어요
새집증후군 했는데도 애들때문에 샀어요~
집안 분위기랑 잘 어울리고 다이슨이라
믿음이 가요^^ 신축입주 필수품 같아요",다이슨 TP09 쿨 포름알데히드 공기청정기
5,"이게 맞는건가? 싶을 정도로 공기질을 빠르게 변환시켜줍니다. 다른 측정기들과 함께 해본 결과라 맞는것 같습니다.
또한 디자인도 마음에 들고 배송도 빠르고 꼼꼼하게 포장되어 왔습니다.",다이슨 TP09 쿨 포름알데히드 공기청정기
5,우선 디자인이 이쁘고 작동중이 아닐때에도 어플연동으로 실내 공기가 모니터링 되는 부분이 좋습니다.,다이슨 TP09 쿨 포름알데히드 공기청정기
5,"협소한 공간에 어울릴듯해서 샀는데 딱맞네요
아기키우는곳에서 위험성도 없구요
배송도 다음날 바로도착해서 매우만족해여",다이슨 TP09 쿨 포름알데히드 공기청정기
5,"배송도 하루만에 오고 깔끔한 상품으로
잘 도착해서 매우 만족하며 언박싱했습니다!
거실 인테리어로도 너무 이쁜 제품입니다",다이슨 TP09 쿨 포름알데히드 공기청정기
5,계속 집안 공기질이 좋다고 떠서 포름알데히드가 제거되는지는 모르겠지만… 깔끔하고 예뻐요!,다이슨 TP09 쿨 포름알데히드 공기청정기
5,"역시는 역쉬죠!!
기능은 모 좋을거 같구요~
디자인이 한몫인거 합니다!! 너무 이쁘고 간지나네요👍",다이슨 TP09 쿨 포름알데히드 공기청정기
5,"밤에는 시끄러워 수면모드, 음식냄새 심할때는 오토모드 회전하면 다양한 상황에맞춰 유용하게 사용할 수 있어 좋아요!!!",다이슨 TP09 쿨 포름알데히드 공기청정기
5,"집들이선물로받았어요.
디자인이심플해서예뻐요.근데좀작은느낌?
성능은유명하니.아묻따..ㅋㅋ",다이슨 TP09 쿨 포름알데히드 공기청정기
5,"친구 선물로 보내줬는데 엄청 만족해 하네요~ 사무실 개인방에 두려고 했는데, 생각보다 커서 집으로 가져갔다고 합니다.",다이슨 TP09 쿨 포름알데히드 공기청정기
5,"라이브방송보고 주문했는데 설치는 간단해요
소음은 아직 거슬릴정도는 아니라 지켜보려고요",다이슨 TP09 쿨 포름알데히드 공기청정기
5,"다이슨 좋아요
이쁘고
각 유해뮬질 앱으로 수치 모니터링 가능하고
비람 방행조절조 잘되고",다이슨 TP09 쿨 포름알데히드 공기청정기
5,"믿을수 있는 상품이에요. 다이슨 하나 놨을뿐인데, 분위기가 확 달라지네요. 강추합니다.",다이슨 TP09 쿨 포름알데히드 공기청정기
5,"디자인은 말할 것도 없고 성능도 만족합니다. 특히, 포름알데히드도 제거한다고 하니 믿고 쓸 수 있어서 더 좋습니다.",다이슨 TP09 쿨 포름알데히드 공기청정기
5,"다이슨 이름하나보고 샀어요
디자인 너무 이뻐요
포름알데히드 잘 빨아들이는거 맞겠죠?",다이슨 TP09 쿨 포름알데히드 공기청정기
